--Script Employees 2026

CREATE TABLE regions
   ( region_id numeric 
   CONSTRAINT region_id_nn NOT NULL 
   , region_name nVARCHAR(25) 
   );
ALTER TABLE regions
         ADD CONSTRAINT reg_id_pk
   PRIMARY KEY (region_id)
    ;
	

CREATE TABLE countries 
   ( country_id CHAR(2) 
   CONSTRAINT country_id_nn NOT NULL 
   , country_name nVARCHAR(40) 
   , region_id numeric 
   , CONSTRAINT country_c_id_pk 
   PRIMARY KEY (country_id) 
   ) 

ALTER TABLE countries
         ADD  CONSTRAINT countr_reg_fk
   FOREIGN KEY (region_id)
   REFERENCES regions(region_id) 
 
 
CREATE TABLE locations
   ( location_id numeric(4) not null
   , street_address nvarchar(40)
   , postal_code nvarchar(12)
   , city nvarchar(30)
   CONSTRAINT loc_city_nn NOT NULL
   , state_province nvarchar(25)
   , country_id CHAR(2)
   ) ;

ALTER TABLE locations
         ADD  CONSTRAINT loc_id_pk
   PRIMARY KEY (location_id)
   , CONSTRAINT loc_c_id_fk
   FOREIGN KEY (country_id)
   REFERENCES countries(country_id) 
    ;
	

CREATE TABLE departments
   ( department_id numeric(4) not null
   , department_name nvarchar(30)
   CONSTRAINT dept_name_nn NOT NULL
   , manager_id numeric(6)
   , location_id numeric(4)
   ) ;

ALTER TABLE departments
         ADD  CONSTRAINT dept_id_pk
   PRIMARY KEY (department_id)
   , CONSTRAINT dept_loc_fk
   FOREIGN KEY (location_id)
   REFERENCES locations (location_id)
    ;

CREATE TABLE jobs
   ( job_id nvarchar(10) not null
   , job_title nvarchar(35)
   CONSTRAINT job_title_nn NOT NULL
   , min_salary numeric(6)
   , max_salary numeric(6)
   ) ;

ALTER TABLE jobs
         ADD  CONSTRAINT job_id_pk
   PRIMARY KEY(job_id)

  
CREATE TABLE employees
   ( employee_id numeric(6) not null
   , first_name nvarchar(20)
   , last_name nvarchar(25)
   CONSTRAINT emp_last_name_nn NOT NULL
   , email nvarchar(25)
   CONSTRAINT emp_email_nn NOT NULL
   , phone_number nvarchar(20)
   , hire_date DATE
   CONSTRAINT emp_hire_date_nn NOT NULL
   , job_id nvarchar(10)
   CONSTRAINT emp_job_nn NOT NULL
   , salary numeric(8,2)
   , commission_pct numeric(2,2)
   , manager_id numeric(6)
   , department_id numeric(4)
   , CONSTRAINT emp_salary_min
   CHECK (salary > 0) 
   , CONSTRAINT emp_email_uk
   UNIQUE (email)
   ) ;
       
ALTER TABLE employees
         ADD  CONSTRAINT emp_emp_id_pk
   PRIMARY KEY (employee_id)
   , CONSTRAINT emp_dept_fk
   FOREIGN KEY (department_id)
   REFERENCES departments
   , CONSTRAINT emp_job_fk
   FOREIGN KEY (job_id)
   REFERENCES jobs (job_id)
   , CONSTRAINT emp_manager_fk
   FOREIGN KEY (manager_id)
   REFERENCES employees
    ;
ALTER TABLE departments
         ADD  CONSTRAINT dept_mgr_fk
   FOREIGN KEY (manager_id)
   REFERENCES employees (employee_id)
    ;
       
 INSERT INTO regions VALUES 
   ( 1
   , 'Europe' 
   );
INSERT INTO regions VALUES 
   ( 2
   , 'Americas' 
   );
INSERT INTO regions VALUES 
   ( 3
   , 'Asia' 
   );
INSERT INTO regions VALUES 
   ( 4
   , 'Middle East and Africa' 
   );
   
INSERT INTO countries VALUES 
   ( 'IT'
   , 'Italy'
   , 1 
   );
INSERT INTO countries VALUES 
   ( 'JP'
   , 'Japan'
   , 3 
   );
INSERT INTO countries VALUES 
   ( 'US'
   , 'United States of America'
   , 2 
   );
INSERT INTO countries VALUES 
   ( 'CA'
   , 'Canada'
   , 2 
   );
INSERT INTO countries VALUES 
   ( 'CN'
   , 'China'
   , 3 
   );
INSERT INTO countries VALUES 
   ( 'IN'
   , 'India'
   , 3 
   );
INSERT INTO countries VALUES 
   ( 'AU'
   , 'Australia'
   , 3 
   );
INSERT INTO countries VALUES 
   ( 'ZW'
   , 'Zimbabwe'
   , 4 
   );
INSERT INTO countries VALUES 
   ( 'SG'
   , 'Singapore'
   , 3 
   );
INSERT INTO countries VALUES 
   ( 'UK'
   , 'United Kingdom'
   , 1 
   );
INSERT INTO countries VALUES 
   ( 'FR'
   , 'France'
   , 1 
   );
INSERT INTO countries VALUES 
   ( 'DE'
   , 'Germany'
   , 1 
   );
INSERT INTO countries VALUES 
   ( 'ZM'
   , 'Zambia'
   , 4 
   );
INSERT INTO countries VALUES 
   ( 'EG'
   , 'Egypt'
   , 4 
   );
INSERT INTO countries VALUES 
   ( 'BR'
   , 'Brazil'
   , 2 
   );
INSERT INTO countries VALUES 
   ( 'CH'
   , 'Switzerland'
   , 1 
   );
INSERT INTO countries VALUES 
   ( 'NL'
   , 'Netherlands'
   , 1 
   );
INSERT INTO countries VALUES 
   ( 'MX'
   , 'Mexico'
   , 2 
   );
INSERT INTO countries VALUES 
   ( 'KW'
   , 'Kuwait'
   , 4 
   );
INSERT INTO countries VALUES 
   ( 'IL'
   , 'Israel'
   , 4 
   );
INSERT INTO countries VALUES 
   ( 'DK'
   , 'Denmark'
   , 1 
   );
INSERT INTO countries VALUES 
   ( 'HK'
   , 'HongKong'
   , 3 
   );
INSERT INTO countries VALUES 
   ( 'NG'
   , 'Nigeria'
   , 4 
   );
INSERT INTO countries VALUES 
   ( 'AR'
   , 'Argentina'
   , 2 
   );
INSERT INTO countries VALUES 
   ( 'BE'
   , 'Belgium'
   , 1 
   );
   
INSERT INTO locations VALUES 
   ( 1000 
   , '1297 Via Cola di Rie'
   , '00989'
   , 'Roma'
   , NULL
   , 'IT'
   );
INSERT INTO locations VALUES 
   ( 1100 
   , '93091 Calle della Testa'
   , '10934'
   , 'Venice'
   , NULL
   , 'IT'
   );
INSERT INTO locations VALUES 
   ( 1200 
   , '2017 Shinjuku-ku'
   , '1689'
   , 'Tokyo'
   , 'Tokyo Prefecture'
   , 'JP'
   );
INSERT INTO locations VALUES 
   ( 1300 
   , '9450 Kamiya-cho'
   , '6823'
   , 'Hiroshima'
   , NULL
   , 'JP'
   );
INSERT INTO locations VALUES 
   ( 1400 
   , '2014 Jabberwocky Rd'
   , '26192'
   , 'Southlake'
   , 'Texas'
   , 'US'
   );
INSERT INTO locations VALUES 
   ( 1500 
   , '2011 Interiors Blvd'
   , '99236'
   , 'South San Francisco'
   , 'California'
   , 'US'
   );
INSERT INTO locations VALUES 
   ( 1600 
   , '2007 Zagora St'
   , '50090'
   , 'South Brunswick'
   , 'New Jersey'
   , 'US'
   );
INSERT INTO locations VALUES 
   ( 1700 
   , '2004 Charade Rd'
   , '98199'
   , 'Seattle'
   , 'Washington'
   , 'US'
   );
INSERT INTO locations VALUES 
   ( 1800 
   , '147 Spadina Ave'
   , 'M5V 2L7'
   , 'Toronto'
   , 'Ontario'
   , 'CA'
   );
INSERT INTO locations VALUES 
   ( 1900 
   , '6092 Boxwood St'
   , 'YSW 9T2'
   , 'Whitehorse'
   , 'Yukon'
   , 'CA'
   );
INSERT INTO locations VALUES 
   ( 2000 
   , '40-5-12 Laogianggen'
   , '190518'
   , 'Beijing'
   , NULL
   , 'CN'
   );
INSERT INTO locations VALUES 
   ( 2100 
   , '1298 Vileparle (E)'
   , '490231'
   , 'Bombay'
   , 'Maharashtra'
   , 'IN'
   );
INSERT INTO locations VALUES 
   ( 2200 
   , '12-98 Victoria Street'
   , '2901'
   , 'Sydney'
   , 'New South Wales'
   , 'AU'
   );
INSERT INTO locations VALUES 
   ( 2300 
   , '198 Clementi North'
   , '540198'
   , 'Singapore'
   , NULL
   , 'SG'
   );
INSERT INTO locations VALUES 
   ( 2400 
   , '8204 Arthur St'
   , NULL
   , 'London'
   , NULL
   , 'UK'
   );
INSERT INTO locations VALUES 
   ( 2500 
   , 'Magdalen Centre, The Oxford Science Park'
   , 'OX9 9ZB'
   , 'Oxford'
   , 'Oxford'
   , 'UK'
   );
INSERT INTO locations VALUES 
   ( 2600 
   , '9702 Chester Road'
   , '09629850293'
   , 'Stretford'
   , 'Manchester'
   , 'UK'
   );
INSERT INTO locations VALUES 
   ( 2700 
   , 'Schwanthalerstr. 7031'
   , '80925'
   , 'Munich'
   , 'Bavaria'
   , 'DE'
   );
INSERT INTO locations VALUES 
   ( 2800 
   , 'Rua Frei Caneca 1360 '
   , '01307-002'
   , 'Sao Paulo'
   , 'Sao Paulo'
   , 'BR'
   );
INSERT INTO locations VALUES 
   ( 2900 
   , '20 Rue des Corps-Saints'
   , '1730'
   , 'Geneva'
   , 'Geneve'
   , 'CH'
   );
INSERT INTO locations VALUES 
   ( 3000 
   , 'Murtenstrasse 921'
   , '3095'
   , 'Bern'
   , 'BE'
   , 'CH'
   );
INSERT INTO locations VALUES 
   ( 3100 
   , 'Pieter Breughelstraat 837'
   , '3029SK'
   , 'Utrecht'
   , 'Utrecht'
   , 'NL'
   );
INSERT INTO locations VALUES 
   ( 3200 
   , 'Mariano Escobedo 9991'
   , '11932'
   , 'Mexico City'
   , 'Distrito Federal,'
   , 'MX'
   );
   
   
ALTER TABLE departments 
   NOCHECK CONSTRAINT ALL;
   
 INSERT INTO departments VALUES 
   ( 10
   , 'Administration'
   , 200
   , 1700
   );
INSERT INTO departments VALUES 
   ( 20
   , 'Marketing'
   , 201
   , 1800
   );
   
   INSERT INTO departments VALUES 
   ( 30
   , 'Purchasing'
   , 114
   , 1700
   );
   
   INSERT INTO departments VALUES 
   ( 40
   , 'Human Resources'
   , 203
   , 2400
   );
INSERT INTO departments VALUES 
   ( 50
   , 'Shipping'
   , 121
   , 1500
   );
   
   INSERT INTO departments VALUES 
   ( 60 
   , 'IT'
   , 103
   , 1400
   );
   
   INSERT INTO departments VALUES 
   ( 70 
   , 'Public Relations'
   , 204
   , 2700
   );
   
   INSERT INTO departments VALUES 
   ( 80 
   , 'Sales'
   , 145
   , 2500
   );
   
   INSERT INTO departments VALUES 
   ( 90 
   , 'Executive'
   , 100
   , 1700
   );
INSERT INTO departments VALUES 
   ( 100 
   , 'Finance'
   , 108
   , 1700
   );
   
   INSERT INTO departments VALUES 
   ( 110 
   , 'Accounting'
   , 205
   , 1700
   );
INSERT INTO departments VALUES 
   ( 120 
   , 'Treasury'
   , NULL
   , 1700
   );
INSERT INTO departments VALUES 
   ( 130 
   , 'Corporate Tax'
   , NULL
   , 1700
   );
INSERT INTO departments VALUES 
   ( 140 
   , 'Control And Credit'
   , NULL
   , 1700
   );
INSERT INTO departments VALUES 
   ( 150 
   , 'Shareholder Services'
   , NULL
   , 1700
   );
INSERT INTO departments VALUES 
   ( 160 
   , 'Benefits'
   , NULL
   , 1700
   );
INSERT INTO departments VALUES 
   ( 170 
   , 'Manufacturing'
   , NULL
   , 1700
   );
INSERT INTO departments VALUES 
   ( 180 
   , 'Construction'
   , NULL
   , 1700
   );
INSERT INTO departments VALUES 
   ( 190 
   , 'Contracting'
   , NULL
   , 1700
   );
INSERT INTO departments VALUES 
   ( 200 
   , 'Operations'
   , NULL
   , 1700
   );
INSERT INTO departments VALUES 
   ( 210 
   , 'IT Support'
   , NULL
   , 1700
   );
INSERT INTO departments VALUES 
   ( 220 
   , 'NOC'
   , NULL
   , 1700
   );
INSERT INTO departments VALUES 
   ( 230 
   , 'IT Helpdesk'
   , NULL
   , 1700
   );
INSERT INTO departments VALUES 
   ( 240 
   , 'Government Sales'
   , NULL
   , 1700
   );
INSERT INTO departments VALUES 
   ( 250 
   , 'Retail Sales'
   , NULL
   , 1700
   );
INSERT INTO departments VALUES 
   ( 260 
   , 'Recruiting'
   , NULL
   , 1700
   );
INSERT INTO departments VALUES 
   ( 270 
   , 'Payroll'
   , NULL
   , 1700
   );
   
 INSERT INTO jobs VALUES 
   ( 'AD_PRES'
   , 'President'
   , 20000
   , 40000
   );
   INSERT INTO jobs VALUES 
   ( 'AD_VP'
   , 'Administration Vice President'
   , 15000
   , 30000
   );
INSERT INTO jobs VALUES 
   ( 'AD_ASST'
   , 'Administration Assistant'
   , 3000
   , 6000
   );
INSERT INTO jobs VALUES 
   ( 'FI_MGR'
   , 'Finance Manager'
   , 8200
   , 16000
   );
INSERT INTO jobs VALUES 
   ( 'FI_ACCOUNT'
   , 'Accountant'
   , 4200
   , 9000
   );
INSERT INTO jobs VALUES 
   ( 'AC_MGR'
   , 'Accounting Manager'
   , 8200
   , 16000
   );
INSERT INTO jobs VALUES 
   ( 'AC_ACCOUNT'
   , 'Public Accountant'
   , 4200
   , 9000
   );
   INSERT INTO jobs VALUES 
   ( 'SA_MAN'
   , 'Sales Manager'
   , 10000
   , 20000
   );
INSERT INTO jobs VALUES 
   ( 'SA_REP'
   , 'Sales Representative'
   , 6000
   , 12000
   );
INSERT INTO jobs VALUES 
   ( 'PU_MAN'
   , 'Purchasing Manager'
   , 8000
   , 15000
   );
INSERT INTO jobs VALUES 
   ( 'PU_CLERK'
   , 'Purchasing Clerk'
   , 2500
   , 5500
   );
INSERT INTO jobs VALUES 
   ( 'ST_MAN'
   , 'Stock Manager'
   , 5500
   , 8500
   );
   INSERT INTO jobs VALUES 
   ( 'ST_CLERK'
   , 'Stock Clerk'
   , 2000
   , 5000
   );
INSERT INTO jobs VALUES 
   ( 'SH_CLERK'
   , 'Shipping Clerk'
   , 2500
   , 5500
   );
INSERT INTO jobs VALUES 
   ( 'IT_PROG'
   , 'Programmer'
   , 4000
   , 10000
   );
INSERT INTO jobs VALUES 
   ( 'MK_MAN'
   , 'Marketing Manager'
   , 9000
   , 15000
   );
INSERT INTO jobs VALUES 
   ( 'MK_REP'
   , 'Marketing Representative'
   , 4000
   , 9000
   );
INSERT INTO jobs VALUES 
   ( 'HR_REP'
   , 'Human Resources Representative'
   , 4000
   , 9000
   );
INSERT INTO jobs VALUES 
   ( 'PR_REP'
   , 'Public Relations Representative'
   , 4500
   , 10500
   );


Insert into EMPLOYEES (EMPLOYEE_ID,FIRST_NAME,LAST_NAME,EMAIL,PHONE_NUMBER,HIRE_DATE,JOB_ID,SALARY,COMMISSION_PCT,MANAGER_ID,DEPARTMENT_ID) values ('100','Steven','King','SKING','1.515.555.0100','2013-06-17','AD_PRES','24000',null,null,'90');
Insert into EMPLOYEES (EMPLOYEE_ID,FIRST_NAME,LAST_NAME,EMAIL,PHONE_NUMBER,HIRE_DATE,JOB_ID,SALARY,COMMISSION_PCT,MANAGER_ID,DEPARTMENT_ID) values ('101','Neena','Yang','NYANG','1.515.555.0101','2015-09-21','AD_VP','17000',null,'100','90');
Insert into EMPLOYEES (EMPLOYEE_ID,FIRST_NAME,LAST_NAME,EMAIL,PHONE_NUMBER,HIRE_DATE,JOB_ID,SALARY,COMMISSION_PCT,MANAGER_ID,DEPARTMENT_ID) values ('102','Lex','Garcia','LGARCIA','1.515.555.0102','2011-01-13','AD_VP','17000',null,'100','90');
Insert into EMPLOYEES (EMPLOYEE_ID,FIRST_NAME,LAST_NAME,EMAIL,PHONE_NUMBER,HIRE_DATE,JOB_ID,SALARY,COMMISSION_PCT,MANAGER_ID,DEPARTMENT_ID) values ('103','Alexander','James','AJAMES','1.590.555.0103','2016-01-03','IT_PROG','9000',null,'102','60');
Insert into EMPLOYEES (EMPLOYEE_ID,FIRST_NAME,LAST_NAME,EMAIL,PHONE_NUMBER,HIRE_DATE,JOB_ID,SALARY,COMMISSION_PCT,MANAGER_ID,DEPARTMENT_ID) values ('104','Bruce','Miller','BMILLER','1.590.555.0104','2017-05-21','IT_PROG','6000',null,'103','60');
Insert into EMPLOYEES (EMPLOYEE_ID,FIRST_NAME,LAST_NAME,EMAIL,PHONE_NUMBER,HIRE_DATE,JOB_ID,SALARY,COMMISSION_PCT,MANAGER_ID,DEPARTMENT_ID) values ('105','David','Williams','DWILLIAMS','1.590.555.0105','2015-06-25','IT_PROG','4800',null,'103','60');
Insert into EMPLOYEES (EMPLOYEE_ID,FIRST_NAME,LAST_NAME,EMAIL,PHONE_NUMBER,HIRE_DATE,JOB_ID,SALARY,COMMISSION_PCT,MANAGER_ID,DEPARTMENT_ID) values ('106','Valli','Jackson','VJACKSON','1.590.555.0106','2016-02-05','IT_PROG','4800',null,'103','60');
Insert into EMPLOYEES (EMPLOYEE_ID,FIRST_NAME,LAST_NAME,EMAIL,PHONE_NUMBER,HIRE_DATE,JOB_ID,SALARY,COMMISSION_PCT,MANAGER_ID,DEPARTMENT_ID) values ('107','Diana','Nguyen','DNGUYEN','1.590.555.0107','2017-02-07','IT_PROG','4200',null,'103','60');
Insert into EMPLOYEES (EMPLOYEE_ID,FIRST_NAME,LAST_NAME,EMAIL,PHONE_NUMBER,HIRE_DATE,JOB_ID,SALARY,COMMISSION_PCT,MANAGER_ID,DEPARTMENT_ID) values ('108','Nancy','Gruenberg','NGRUENBE','1.515.555.0108','2012-08-17','FI_MGR','12008',null,'101','100');
Insert into EMPLOYEES (EMPLOYEE_ID,FIRST_NAME,LAST_NAME,EMAIL,PHONE_NUMBER,HIRE_DATE,JOB_ID,SALARY,COMMISSION_PCT,MANAGER_ID,DEPARTMENT_ID) values ('109','Daniel','Faviet','DFAVIET','1.515.555.0109','2012-08-16','FI_ACCOUNT','9000',null,'108','100');
Insert into EMPLOYEES (EMPLOYEE_ID,FIRST_NAME,LAST_NAME,EMAIL,PHONE_NUMBER,HIRE_DATE,JOB_ID,SALARY,COMMISSION_PCT,MANAGER_ID,DEPARTMENT_ID) values ('110','John','Chen','JCHEN','1.515.555.0110','2015-09-28','FI_ACCOUNT','8200',null,'108','100');
Insert into EMPLOYEES (EMPLOYEE_ID,FIRST_NAME,LAST_NAME,EMAIL,PHONE_NUMBER,HIRE_DATE,JOB_ID,SALARY,COMMISSION_PCT,MANAGER_ID,DEPARTMENT_ID) values ('111','Ismael','Sciarra','ISCIARRA','1.515.555.0111','2015-09-30','FI_ACCOUNT','7700',null,'108','100');
Insert into EMPLOYEES (EMPLOYEE_ID,FIRST_NAME,LAST_NAME,EMAIL,PHONE_NUMBER,HIRE_DATE,JOB_ID,SALARY,COMMISSION_PCT,MANAGER_ID,DEPARTMENT_ID) values ('112','Jose Manuel','Urman','JMURMAN','1.515.555.0112','2016-03-07','FI_ACCOUNT','7800',null,'108','100');
Insert into EMPLOYEES (EMPLOYEE_ID,FIRST_NAME,LAST_NAME,EMAIL,PHONE_NUMBER,HIRE_DATE,JOB_ID,SALARY,COMMISSION_PCT,MANAGER_ID,DEPARTMENT_ID) values ('113','Luis','Popp','LPOPP','1.515.555.0113','2017-12-07','FI_ACCOUNT','6900',null,'108','100');
Insert into EMPLOYEES (EMPLOYEE_ID,FIRST_NAME,LAST_NAME,EMAIL,PHONE_NUMBER,HIRE_DATE,JOB_ID,SALARY,COMMISSION_PCT,MANAGER_ID,DEPARTMENT_ID) values ('114','Den','Li','DLI','1.515.555.0114','2012-12-07','PU_MAN','11000',null,'100','30');
Insert into EMPLOYEES (EMPLOYEE_ID,FIRST_NAME,LAST_NAME,EMAIL,PHONE_NUMBER,HIRE_DATE,JOB_ID,SALARY,COMMISSION_PCT,MANAGER_ID,DEPARTMENT_ID) values ('115','Alexander','Khoo','AKHOO','1.515.555.0115','2013-05-18','PU_CLERK','3100',null,'114','30');
Insert into EMPLOYEES (EMPLOYEE_ID,FIRST_NAME,LAST_NAME,EMAIL,PHONE_NUMBER,HIRE_DATE,JOB_ID,SALARY,COMMISSION_PCT,MANAGER_ID,DEPARTMENT_ID) values ('116','Shelli','Baida','SBAIDA','1.515.555.0116','2015-12-24','PU_CLERK','2900',null,'114','30');
Insert into EMPLOYEES (EMPLOYEE_ID,FIRST_NAME,LAST_NAME,EMAIL,PHONE_NUMBER,HIRE_DATE,JOB_ID,SALARY,COMMISSION_PCT,MANAGER_ID,DEPARTMENT_ID) values ('117','Sigal','Tobias','STOBIAS','1.515.555.0117','2015-07-24','PU_CLERK','2800',null,'114','30');
Insert into EMPLOYEES (EMPLOYEE_ID,FIRST_NAME,LAST_NAME,EMAIL,PHONE_NUMBER,HIRE_DATE,JOB_ID,SALARY,COMMISSION_PCT,MANAGER_ID,DEPARTMENT_ID) values ('118','Guy','Himuro','GHIMURO','1.515.555.0118','2016-11-15','PU_CLERK','2600',null,'114','30');
Insert into EMPLOYEES (EMPLOYEE_ID,FIRST_NAME,LAST_NAME,EMAIL,PHONE_NUMBER,HIRE_DATE,JOB_ID,SALARY,COMMISSION_PCT,MANAGER_ID,DEPARTMENT_ID) values ('119','Karen','Colmenares','KCOLMENA','1.515.555.0119','2017-08-10','PU_CLERK','2500',null,'114','30');
Insert into EMPLOYEES (EMPLOYEE_ID,FIRST_NAME,LAST_NAME,EMAIL,PHONE_NUMBER,HIRE_DATE,JOB_ID,SALARY,COMMISSION_PCT,MANAGER_ID,DEPARTMENT_ID) values ('120','Matthew','Weiss','MWEISS','1.650.555.0120','2014-07-18','ST_MAN','8000',null,'100','50');
Insert into EMPLOYEES (EMPLOYEE_ID,FIRST_NAME,LAST_NAME,EMAIL,PHONE_NUMBER,HIRE_DATE,JOB_ID,SALARY,COMMISSION_PCT,MANAGER_ID,DEPARTMENT_ID) values ('121','Adam','Fripp','AFRIPP','1.650.555.0121','2015-04-10','ST_MAN','8200',null,'100','50');
Insert into EMPLOYEES (EMPLOYEE_ID,FIRST_NAME,LAST_NAME,EMAIL,PHONE_NUMBER,HIRE_DATE,JOB_ID,SALARY,COMMISSION_PCT,MANAGER_ID,DEPARTMENT_ID) values ('122','Payam','Kaufling','PKAUFLIN','1.650.555.0122','2013-05-01','ST_MAN','7900',null,'100','50');
Insert into EMPLOYEES (EMPLOYEE_ID,FIRST_NAME,LAST_NAME,EMAIL,PHONE_NUMBER,HIRE_DATE,JOB_ID,SALARY,COMMISSION_PCT,MANAGER_ID,DEPARTMENT_ID) values ('123','Shanta','Vollman','SVOLLMAN','1.650.555.0123','2015-10-10','ST_MAN','6500',null,'100','50');
Insert into EMPLOYEES (EMPLOYEE_ID,FIRST_NAME,LAST_NAME,EMAIL,PHONE_NUMBER,HIRE_DATE,JOB_ID,SALARY,COMMISSION_PCT,MANAGER_ID,DEPARTMENT_ID) values ('124','Kevin','Mourgos','KMOURGOS','1.650.555.0124','2017-11-16','ST_MAN','5800',null,'100','50');
Insert into EMPLOYEES (EMPLOYEE_ID,FIRST_NAME,LAST_NAME,EMAIL,PHONE_NUMBER,HIRE_DATE,JOB_ID,SALARY,COMMISSION_PCT,MANAGER_ID,DEPARTMENT_ID) values ('125','Julia','Nayer','JNAYER','1.650.555.0125','2015-07-16','ST_CLERK','3200',null,'120','50');
Insert into EMPLOYEES (EMPLOYEE_ID,FIRST_NAME,LAST_NAME,EMAIL,PHONE_NUMBER,HIRE_DATE,JOB_ID,SALARY,COMMISSION_PCT,MANAGER_ID,DEPARTMENT_ID) values ('126','Irene','Mikkilineni','IMIKKILI','1.650.555.0126','2016-09-28','ST_CLERK','2700',null,'120','50');
Insert into EMPLOYEES (EMPLOYEE_ID,FIRST_NAME,LAST_NAME,EMAIL,PHONE_NUMBER,HIRE_DATE,JOB_ID,SALARY,COMMISSION_PCT,MANAGER_ID,DEPARTMENT_ID) values ('127','James','Landry','JLANDRY','1.650.555.0127','2017-01-14','ST_CLERK','2400',null,'120','50');
Insert into EMPLOYEES (EMPLOYEE_ID,FIRST_NAME,LAST_NAME,EMAIL,PHONE_NUMBER,HIRE_DATE,JOB_ID,SALARY,COMMISSION_PCT,MANAGER_ID,DEPARTMENT_ID) values ('128','Steven','Markle','SMARKLE','1.650.555.0128','2018-03-08','ST_CLERK','2200',null,'120','50');
Insert into EMPLOYEES (EMPLOYEE_ID,FIRST_NAME,LAST_NAME,EMAIL,PHONE_NUMBER,HIRE_DATE,JOB_ID,SALARY,COMMISSION_PCT,MANAGER_ID,DEPARTMENT_ID) values ('129','Laura','Bissot','LBISSOT','1.650.555.0129','2015-08-20','ST_CLERK','3300',null,'121','50');
Insert into EMPLOYEES (EMPLOYEE_ID,FIRST_NAME,LAST_NAME,EMAIL,PHONE_NUMBER,HIRE_DATE,JOB_ID,SALARY,COMMISSION_PCT,MANAGER_ID,DEPARTMENT_ID) values ('130','Mozhe','Atkinson','MATKINSO','1.650.555.0130','2015-10-30','ST_CLERK','2800',null,'121','50');
Insert into EMPLOYEES (EMPLOYEE_ID,FIRST_NAME,LAST_NAME,EMAIL,PHONE_NUMBER,HIRE_DATE,JOB_ID,SALARY,COMMISSION_PCT,MANAGER_ID,DEPARTMENT_ID) values ('131','James','Marlow','JAMRLOW','1.650.555.0131','2015-02-16','ST_CLERK','2500',null,'121','50');
Insert into EMPLOYEES (EMPLOYEE_ID,FIRST_NAME,LAST_NAME,EMAIL,PHONE_NUMBER,HIRE_DATE,JOB_ID,SALARY,COMMISSION_PCT,MANAGER_ID,DEPARTMENT_ID) values ('132','TJ','Olson','TJOLSON','1.650.555.0132','2017-04-10','ST_CLERK','2100',null,'121','50');
Insert into EMPLOYEES (EMPLOYEE_ID,FIRST_NAME,LAST_NAME,EMAIL,PHONE_NUMBER,HIRE_DATE,JOB_ID,SALARY,COMMISSION_PCT,MANAGER_ID,DEPARTMENT_ID) values ('133','Jason','Mallin','JMALLIN','1.650.555.0133','2014-06-14','ST_CLERK','3300',null,'122','50');
Insert into EMPLOYEES (EMPLOYEE_ID,FIRST_NAME,LAST_NAME,EMAIL,PHONE_NUMBER,HIRE_DATE,JOB_ID,SALARY,COMMISSION_PCT,MANAGER_ID,DEPARTMENT_ID) values ('134','Michael','Rogers','MROGERS','1.650.555.0134','2016-08-26','ST_CLERK','2900',null,'122','50');
Insert into EMPLOYEES (EMPLOYEE_ID,FIRST_NAME,LAST_NAME,EMAIL,PHONE_NUMBER,HIRE_DATE,JOB_ID,SALARY,COMMISSION_PCT,MANAGER_ID,DEPARTMENT_ID) values ('135','Ki','Gee','KGEE','1.650.555.0135','2017-12-12','ST_CLERK','2400',null,'122','50');
Insert into EMPLOYEES (EMPLOYEE_ID,FIRST_NAME,LAST_NAME,EMAIL,PHONE_NUMBER,HIRE_DATE,JOB_ID,SALARY,COMMISSION_PCT,MANAGER_ID,DEPARTMENT_ID) values ('136','Hazel','Philtanker','HPHILTAN','1.650.555.0136','2018-02-06','ST_CLERK','2200',null,'122','50');
Insert into EMPLOYEES (EMPLOYEE_ID,FIRST_NAME,LAST_NAME,EMAIL,PHONE_NUMBER,HIRE_DATE,JOB_ID,SALARY,COMMISSION_PCT,MANAGER_ID,DEPARTMENT_ID) values ('137','Renske','Ladwig','RLADWIG','1.650.555.0137','2013-07-14','ST_CLERK','3600',null,'123','50');
Insert into EMPLOYEES (EMPLOYEE_ID,FIRST_NAME,LAST_NAME,EMAIL,PHONE_NUMBER,HIRE_DATE,JOB_ID,SALARY,COMMISSION_PCT,MANAGER_ID,DEPARTMENT_ID) values ('138','Stephen','Stiles','SSTILES','1.650.555.0138','2015-10-26','ST_CLERK','3200',null,'123','50');
Insert into EMPLOYEES (EMPLOYEE_ID,FIRST_NAME,LAST_NAME,EMAIL,PHONE_NUMBER,HIRE_DATE,JOB_ID,SALARY,COMMISSION_PCT,MANAGER_ID,DEPARTMENT_ID) values ('139','John','Seo','JSEO','1.650.555.0139','2016-02-12','ST_CLERK','2700',null,'123','50');
Insert into EMPLOYEES (EMPLOYEE_ID,FIRST_NAME,LAST_NAME,EMAIL,PHONE_NUMBER,HIRE_DATE,JOB_ID,SALARY,COMMISSION_PCT,MANAGER_ID,DEPARTMENT_ID) values ('140','Joshua','Patel','JPATEL','1.650.555.0140','2016-04-06','ST_CLERK','2500',null,'123','50');
Insert into EMPLOYEES (EMPLOYEE_ID,FIRST_NAME,LAST_NAME,EMAIL,PHONE_NUMBER,HIRE_DATE,JOB_ID,SALARY,COMMISSION_PCT,MANAGER_ID,DEPARTMENT_ID) values ('141','Trenna','Rajs','TRAJS','1.650.555.0141','2013-10-17','ST_CLERK','3500',null,'124','50');
Insert into EMPLOYEES (EMPLOYEE_ID,FIRST_NAME,LAST_NAME,EMAIL,PHONE_NUMBER,HIRE_DATE,JOB_ID,SALARY,COMMISSION_PCT,MANAGER_ID,DEPARTMENT_ID) values ('142','Curtis','Davies','CDAVIES','1.650.555.0142','2015-01-29','ST_CLERK','3100',null,'124','50');
Insert into EMPLOYEES (EMPLOYEE_ID,FIRST_NAME,LAST_NAME,EMAIL,PHONE_NUMBER,HIRE_DATE,JOB_ID,SALARY,COMMISSION_PCT,MANAGER_ID,DEPARTMENT_ID) values ('143','Randall','Matos','RMATOS','1.650.555.0143','2016-03-15','ST_CLERK','2600',null,'124','50');
Insert into EMPLOYEES (EMPLOYEE_ID,FIRST_NAME,LAST_NAME,EMAIL,PHONE_NUMBER,HIRE_DATE,JOB_ID,SALARY,COMMISSION_PCT,MANAGER_ID,DEPARTMENT_ID) values ('144','Peter','Vargas','PVARGAS','1.650.555.0144','2016-07-09','ST_CLERK','2500',null,'124','50');
Insert into EMPLOYEES (EMPLOYEE_ID,FIRST_NAME,LAST_NAME,EMAIL,PHONE_NUMBER,HIRE_DATE,JOB_ID,SALARY,COMMISSION_PCT,MANAGER_ID,DEPARTMENT_ID) values ('145','John','Singh','JSINGH','44.1632.960000','2014-10-01','SA_MAN','14000','0.4','100','80');
Insert into EMPLOYEES (EMPLOYEE_ID,FIRST_NAME,LAST_NAME,EMAIL,PHONE_NUMBER,HIRE_DATE,JOB_ID,SALARY,COMMISSION_PCT,MANAGER_ID,DEPARTMENT_ID) values ('146','Karen','Partners','KPARTNER','44.1632.960001','2015-01-05','SA_MAN','13500','0.3','100','80');
Insert into EMPLOYEES (EMPLOYEE_ID,FIRST_NAME,LAST_NAME,EMAIL,PHONE_NUMBER,HIRE_DATE,JOB_ID,SALARY,COMMISSION_PCT,MANAGER_ID,DEPARTMENT_ID) values ('147','Alberto','Errazuriz','AERRAZUR','44.1632.960002','2015-03-10','SA_MAN','12000','0.3','100','80');
Insert into EMPLOYEES (EMPLOYEE_ID,FIRST_NAME,LAST_NAME,EMAIL,PHONE_NUMBER,HIRE_DATE,JOB_ID,SALARY,COMMISSION_PCT,MANAGER_ID,DEPARTMENT_ID) values ('148','Gerald','Cambrault','GCAMBRAU','44.1632.960003','2017-10-15','SA_MAN','11000','0.3','100','80');
Insert into EMPLOYEES (EMPLOYEE_ID,FIRST_NAME,LAST_NAME,EMAIL,PHONE_NUMBER,HIRE_DATE,JOB_ID,SALARY,COMMISSION_PCT,MANAGER_ID,DEPARTMENT_ID) values ('149','Eleni','Zlotkey','EZLOTKEY','44.1632.960004','2018-01-29','SA_MAN','10500','0.2','100','80');
Insert into EMPLOYEES (EMPLOYEE_ID,FIRST_NAME,LAST_NAME,EMAIL,PHONE_NUMBER,HIRE_DATE,JOB_ID,SALARY,COMMISSION_PCT,MANAGER_ID,DEPARTMENT_ID) values ('150','Sean','Tucker','STUCKER','44.1632.960005','2015-01-30','SA_REP','10000','0.3','145','80');
Insert into EMPLOYEES (EMPLOYEE_ID,FIRST_NAME,LAST_NAME,EMAIL,PHONE_NUMBER,HIRE_DATE,JOB_ID,SALARY,COMMISSION_PCT,MANAGER_ID,DEPARTMENT_ID) values ('151','David','Bernstein','DBERNSTE','44.1632.960006','2015-03-24','SA_REP','9500','0.25','145','80');
Insert into EMPLOYEES (EMPLOYEE_ID,FIRST_NAME,LAST_NAME,EMAIL,PHONE_NUMBER,HIRE_DATE,JOB_ID,SALARY,COMMISSION_PCT,MANAGER_ID,DEPARTMENT_ID) values ('152','Peter','Hall','PHALL','44.1632.960007','2015-08-20','SA_REP','9000','0.25','145','80');
Insert into EMPLOYEES (EMPLOYEE_ID,FIRST_NAME,LAST_NAME,EMAIL,PHONE_NUMBER,HIRE_DATE,JOB_ID,SALARY,COMMISSION_PCT,MANAGER_ID,DEPARTMENT_ID) values ('153','Christopher','Olsen','COLSEN','44.1632.960008','2016-03-30','SA_REP','8000','0.2','145','80');
Insert into EMPLOYEES (EMPLOYEE_ID,FIRST_NAME,LAST_NAME,EMAIL,PHONE_NUMBER,HIRE_DATE,JOB_ID,SALARY,COMMISSION_PCT,MANAGER_ID,DEPARTMENT_ID) values ('154','Nanette','Cambrault','NCAMBRAU','44.1632.960009','2016-12-09','SA_REP','7500','0.2','145','80');
Insert into EMPLOYEES (EMPLOYEE_ID,FIRST_NAME,LAST_NAME,EMAIL,PHONE_NUMBER,HIRE_DATE,JOB_ID,SALARY,COMMISSION_PCT,MANAGER_ID,DEPARTMENT_ID) values ('155','Oliver','Tuvault','OTUVAULT','44.1632.960010','2017-11-23','SA_REP','7000','0.15','145','80');
Insert into EMPLOYEES (EMPLOYEE_ID,FIRST_NAME,LAST_NAME,EMAIL,PHONE_NUMBER,HIRE_DATE,JOB_ID,SALARY,COMMISSION_PCT,MANAGER_ID,DEPARTMENT_ID) values ('156','Janette','King','JKING','44.1632.960011','2014-01-30','SA_REP','10000','0.35','146','80');
Insert into EMPLOYEES (EMPLOYEE_ID,FIRST_NAME,LAST_NAME,EMAIL,PHONE_NUMBER,HIRE_DATE,JOB_ID,SALARY,COMMISSION_PCT,MANAGER_ID,DEPARTMENT_ID) values ('157','Patrick','Sully','PSULLY','44.1632.960012','2014-03-04','SA_REP','9500','0.35','146','80');
Insert into EMPLOYEES (EMPLOYEE_ID,FIRST_NAME,LAST_NAME,EMAIL,PHONE_NUMBER,HIRE_DATE,JOB_ID,SALARY,COMMISSION_PCT,MANAGER_ID,DEPARTMENT_ID) values ('158','Allan','McEwen','AMCEWEN','44.1632.960013','2014-08-01','SA_REP','9000','0.35','146','80');
Insert into EMPLOYEES (EMPLOYEE_ID,FIRST_NAME,LAST_NAME,EMAIL,PHONE_NUMBER,HIRE_DATE,JOB_ID,SALARY,COMMISSION_PCT,MANAGER_ID,DEPARTMENT_ID) values ('159','Lindsey','Smith','LSMITH','44.1632.960014','2015-03-10','SA_REP','8000','0.3','146','80');
Insert into EMPLOYEES (EMPLOYEE_ID,FIRST_NAME,LAST_NAME,EMAIL,PHONE_NUMBER,HIRE_DATE,JOB_ID,SALARY,COMMISSION_PCT,MANAGER_ID,DEPARTMENT_ID) values ('160','Louise','Doran','LDORAN','44.1632.960015','2015-12-15','SA_REP','7500','0.3','146','80');
Insert into EMPLOYEES (EMPLOYEE_ID,FIRST_NAME,LAST_NAME,EMAIL,PHONE_NUMBER,HIRE_DATE,JOB_ID,SALARY,COMMISSION_PCT,MANAGER_ID,DEPARTMENT_ID) values ('161','Sarath','Sewall','SSEWALL','44.1632.960016','2016-11-03','SA_REP','7000','0.25','146','80');
Insert into EMPLOYEES (EMPLOYEE_ID,FIRST_NAME,LAST_NAME,EMAIL,PHONE_NUMBER,HIRE_DATE,JOB_ID,SALARY,COMMISSION_PCT,MANAGER_ID,DEPARTMENT_ID) values ('162','Clara','Vishney','CVISHNEY','44.1632.960017','2015-11-11','SA_REP','10500','0.25','147','80');
Insert into EMPLOYEES (EMPLOYEE_ID,FIRST_NAME,LAST_NAME,EMAIL,PHONE_NUMBER,HIRE_DATE,JOB_ID,SALARY,COMMISSION_PCT,MANAGER_ID,DEPARTMENT_ID) values ('163','Danielle','Greene','DGREENE','44.1632.960018','2017-03-19','SA_REP','9500','0.15','147','80');
Insert into EMPLOYEES (EMPLOYEE_ID,FIRST_NAME,LAST_NAME,EMAIL,PHONE_NUMBER,HIRE_DATE,JOB_ID,SALARY,COMMISSION_PCT,MANAGER_ID,DEPARTMENT_ID) values ('164','Mattea','Marvins','MMARVINS','44.1632.960019','2018-01-24','SA_REP','7200','0.1','147','80');
Insert into EMPLOYEES (EMPLOYEE_ID,FIRST_NAME,LAST_NAME,EMAIL,PHONE_NUMBER,HIRE_DATE,JOB_ID,SALARY,COMMISSION_PCT,MANAGER_ID,DEPARTMENT_ID) values ('165','David','Lee','DLEE','44.1632.960020','2018-02-23','SA_REP','6800','0.1','147','80');
Insert into EMPLOYEES (EMPLOYEE_ID,FIRST_NAME,LAST_NAME,EMAIL,PHONE_NUMBER,HIRE_DATE,JOB_ID,SALARY,COMMISSION_PCT,MANAGER_ID,DEPARTMENT_ID) values ('166','Sundar','Ande','SANDE','44.1632.960021','2018-03-24','SA_REP','6400','0.1','147','80');
Insert into EMPLOYEES (EMPLOYEE_ID,FIRST_NAME,LAST_NAME,EMAIL,PHONE_NUMBER,HIRE_DATE,JOB_ID,SALARY,COMMISSION_PCT,MANAGER_ID,DEPARTMENT_ID) values ('167','Amit','Banda','ABANDA','44.1632.960022','2018-04-21','SA_REP','6200','0.1','147','80');
Insert into EMPLOYEES (EMPLOYEE_ID,FIRST_NAME,LAST_NAME,EMAIL,PHONE_NUMBER,HIRE_DATE,JOB_ID,SALARY,COMMISSION_PCT,MANAGER_ID,DEPARTMENT_ID) values ('168','Lisa','Ozer','LOZER','44.1632.960023','2015-03-11','SA_REP','11500','0.25','148','80');
Insert into EMPLOYEES (EMPLOYEE_ID,FIRST_NAME,LAST_NAME,EMAIL,PHONE_NUMBER,HIRE_DATE,JOB_ID,SALARY,COMMISSION_PCT,MANAGER_ID,DEPARTMENT_ID) values ('169','Harrison','Bloom','HBLOOM','44.1632.960024','2016-03-23','SA_REP','10000','0.2','148','80');
Insert into EMPLOYEES (EMPLOYEE_ID,FIRST_NAME,LAST_NAME,EMAIL,PHONE_NUMBER,HIRE_DATE,JOB_ID,SALARY,COMMISSION_PCT,MANAGER_ID,DEPARTMENT_ID) values ('170','Tayler','Fox','TFOX','44.1632.960025','2016-01-24','SA_REP','9600','0.2','148','80');
Insert into EMPLOYEES (EMPLOYEE_ID,FIRST_NAME,LAST_NAME,EMAIL,PHONE_NUMBER,HIRE_DATE,JOB_ID,SALARY,COMMISSION_PCT,MANAGER_ID,DEPARTMENT_ID) values ('171','William','Smith','WSMITH','44.1632.960026','2017-02-23','SA_REP','7400','0.15','148','80');
Insert into EMPLOYEES (EMPLOYEE_ID,FIRST_NAME,LAST_NAME,EMAIL,PHONE_NUMBER,HIRE_DATE,JOB_ID,SALARY,COMMISSION_PCT,MANAGER_ID,DEPARTMENT_ID) values ('172','Elizabeth','Bates','EBATES','44.1632.960027','2017-03-24','SA_REP','7300','0.15','148','80');
Insert into EMPLOYEES (EMPLOYEE_ID,FIRST_NAME,LAST_NAME,EMAIL,PHONE_NUMBER,HIRE_DATE,JOB_ID,SALARY,COMMISSION_PCT,MANAGER_ID,DEPARTMENT_ID) values ('173','Sundita','Kumar','SKUMAR','44.1632.960028','2018-04-21','SA_REP','6100','0.1','148','80');
Insert into EMPLOYEES (EMPLOYEE_ID,FIRST_NAME,LAST_NAME,EMAIL,PHONE_NUMBER,HIRE_DATE,JOB_ID,SALARY,COMMISSION_PCT,MANAGER_ID,DEPARTMENT_ID) values ('174','Ellen','Abel','EABEL','44.1632.960029','2014-05-11','SA_REP','11000','0.3','149','80');
Insert into EMPLOYEES (EMPLOYEE_ID,FIRST_NAME,LAST_NAME,EMAIL,PHONE_NUMBER,HIRE_DATE,JOB_ID,SALARY,COMMISSION_PCT,MANAGER_ID,DEPARTMENT_ID) values ('175','Alyssa','Hutton','AHUTTON','44.1632.960030','2015-03-19','SA_REP','8800','0.25','149','80');
Insert into EMPLOYEES (EMPLOYEE_ID,FIRST_NAME,LAST_NAME,EMAIL,PHONE_NUMBER,HIRE_DATE,JOB_ID,SALARY,COMMISSION_PCT,MANAGER_ID,DEPARTMENT_ID) values ('176','Jonathon','Taylor','JTAYLOR','44.1632.960031','2016-03-24','SA_REP','8600','0.2','149','80');
Insert into EMPLOYEES (EMPLOYEE_ID,FIRST_NAME,LAST_NAME,EMAIL,PHONE_NUMBER,HIRE_DATE,JOB_ID,SALARY,COMMISSION_PCT,MANAGER_ID,DEPARTMENT_ID) values ('177','Jack','Livingston','JLIVINGS','44.1632.960032','2016-04-23','SA_REP','8400','0.2','149','80');
Insert into EMPLOYEES (EMPLOYEE_ID,FIRST_NAME,LAST_NAME,EMAIL,PHONE_NUMBER,HIRE_DATE,JOB_ID,SALARY,COMMISSION_PCT,MANAGER_ID,DEPARTMENT_ID) values ('178','Kimberely','Grant','KGRANT','44.1632.960033','2017-05-24','SA_REP','7000','0.15','149',null);
Insert into EMPLOYEES (EMPLOYEE_ID,FIRST_NAME,LAST_NAME,EMAIL,PHONE_NUMBER,HIRE_DATE,JOB_ID,SALARY,COMMISSION_PCT,MANAGER_ID,DEPARTMENT_ID) values ('179','Charles','Johnson','CJOHNSON','44.1632.960034','2018-01-04','SA_REP','6200','0.1','149','80');
Insert into EMPLOYEES (EMPLOYEE_ID,FIRST_NAME,LAST_NAME,EMAIL,PHONE_NUMBER,HIRE_DATE,JOB_ID,SALARY,COMMISSION_PCT,MANAGER_ID,DEPARTMENT_ID) values ('180','Winston','Taylor','WTAYLOR','1.650.555.0145','2016-01-24','SH_CLERK','3200',null,'120','50');
Insert into EMPLOYEES (EMPLOYEE_ID,FIRST_NAME,LAST_NAME,EMAIL,PHONE_NUMBER,HIRE_DATE,JOB_ID,SALARY,COMMISSION_PCT,MANAGER_ID,DEPARTMENT_ID) values ('181','Jean','Fleaur','JFLEAUR','1.650.555.0146','2016-02-23','SH_CLERK','3100',null,'120','50');
Insert into EMPLOYEES (EMPLOYEE_ID,FIRST_NAME,LAST_NAME,EMAIL,PHONE_NUMBER,HIRE_DATE,JOB_ID,SALARY,COMMISSION_PCT,MANAGER_ID,DEPARTMENT_ID) values ('182','Martha','Sullivan','MSULLIVA','1.650.555.0147','2017-06-21','SH_CLERK','2500',null,'120','50');
Insert into EMPLOYEES (EMPLOYEE_ID,FIRST_NAME,LAST_NAME,EMAIL,PHONE_NUMBER,HIRE_DATE,JOB_ID,SALARY,COMMISSION_PCT,MANAGER_ID,DEPARTMENT_ID) values ('183','Girard','Geoni','GGEONI','1.650.555.0148','2018-02-03','SH_CLERK','2800',null,'120','50');
Insert into EMPLOYEES (EMPLOYEE_ID,FIRST_NAME,LAST_NAME,EMAIL,PHONE_NUMBER,HIRE_DATE,JOB_ID,SALARY,COMMISSION_PCT,MANAGER_ID,DEPARTMENT_ID) values ('184','Nandita','Sarchand','NSARCHAN','1.650.555.0149','2014-01-27','SH_CLERK','4200',null,'121','50');
Insert into EMPLOYEES (EMPLOYEE_ID,FIRST_NAME,LAST_NAME,EMAIL,PHONE_NUMBER,HIRE_DATE,JOB_ID,SALARY,COMMISSION_PCT,MANAGER_ID,DEPARTMENT_ID) values ('185','Alexis','Bull','ABULL','1.650.555.0150','2015-02-20','SH_CLERK','4100',null,'121','50');
Insert into EMPLOYEES (EMPLOYEE_ID,FIRST_NAME,LAST_NAME,EMAIL,PHONE_NUMBER,HIRE_DATE,JOB_ID,SALARY,COMMISSION_PCT,MANAGER_ID,DEPARTMENT_ID) values ('186','Julia','Dellinger','JDELLING','1.650.555.0151','2016-06-24','SH_CLERK','3400',null,'121','50');
Insert into EMPLOYEES (EMPLOYEE_ID,FIRST_NAME,LAST_NAME,EMAIL,PHONE_NUMBER,HIRE_DATE,JOB_ID,SALARY,COMMISSION_PCT,MANAGER_ID,DEPARTMENT_ID) values ('187','Anthony','Cabrio','ACABRIO','1.650.555.0152','2017-02-07','SH_CLERK','3000',null,'121','50');
Insert into EMPLOYEES (EMPLOYEE_ID,FIRST_NAME,LAST_NAME,EMAIL,PHONE_NUMBER,HIRE_DATE,JOB_ID,SALARY,COMMISSION_PCT,MANAGER_ID,DEPARTMENT_ID) values ('188','Kelly','Chung','KCHUNG','1.650.555.0153','2015-06-14','SH_CLERK','3800',null,'122','50');
Insert into EMPLOYEES (EMPLOYEE_ID,FIRST_NAME,LAST_NAME,EMAIL,PHONE_NUMBER,HIRE_DATE,JOB_ID,SALARY,COMMISSION_PCT,MANAGER_ID,DEPARTMENT_ID) values ('189','Jennifer','Dilly','JDILLY','1.650.555.0154','2015-08-13','SH_CLERK','3600',null,'122','50');
Insert into EMPLOYEES (EMPLOYEE_ID,FIRST_NAME,LAST_NAME,EMAIL,PHONE_NUMBER,HIRE_DATE,JOB_ID,SALARY,COMMISSION_PCT,MANAGER_ID,DEPARTMENT_ID) values ('190','Timothy','Venzl','TVENZL','1.650.555.0155','2016-07-11','SH_CLERK','2900',null,'122','50');
Insert into EMPLOYEES (EMPLOYEE_ID,FIRST_NAME,LAST_NAME,EMAIL,PHONE_NUMBER,HIRE_DATE,JOB_ID,SALARY,COMMISSION_PCT,MANAGER_ID,DEPARTMENT_ID) values ('191','Randall','Perkins','RPERKINS','1.650.555.0156','2017-12-19','SH_CLERK','2500',null,'122','50');
Insert into EMPLOYEES (EMPLOYEE_ID,FIRST_NAME,LAST_NAME,EMAIL,PHONE_NUMBER,HIRE_DATE,JOB_ID,SALARY,COMMISSION_PCT,MANAGER_ID,DEPARTMENT_ID) values ('192','Sarah','Bell','SBELL','1.650.555.0157','2014-02-04','SH_CLERK','4000',null,'123','50');
Insert into EMPLOYEES (EMPLOYEE_ID,FIRST_NAME,LAST_NAME,EMAIL,PHONE_NUMBER,HIRE_DATE,JOB_ID,SALARY,COMMISSION_PCT,MANAGER_ID,DEPARTMENT_ID) values ('193','Britney','Everett','BEVERETT','1.650.555.0158','2015-03-03','SH_CLERK','3900',null,'123','50');
Insert into EMPLOYEES (EMPLOYEE_ID,FIRST_NAME,LAST_NAME,EMAIL,PHONE_NUMBER,HIRE_DATE,JOB_ID,SALARY,COMMISSION_PCT,MANAGER_ID,DEPARTMENT_ID) values ('194','Samuel','McLeod','SMCLEOD','1.650.555.0159','2016-07-01','SH_CLERK','3200',null,'123','50');
Insert into EMPLOYEES (EMPLOYEE_ID,FIRST_NAME,LAST_NAME,EMAIL,PHONE_NUMBER,HIRE_DATE,JOB_ID,SALARY,COMMISSION_PCT,MANAGER_ID,DEPARTMENT_ID) values ('195','Vance','Jones','VJONES','1.650.555.0160','2017-03-17','SH_CLERK','2800',null,'123','50');
Insert into EMPLOYEES (EMPLOYEE_ID,FIRST_NAME,LAST_NAME,EMAIL,PHONE_NUMBER,HIRE_DATE,JOB_ID,SALARY,COMMISSION_PCT,MANAGER_ID,DEPARTMENT_ID) values ('196','Alana','Walsh','AWALSH','1.650.555.0161','2016-04-24','SH_CLERK','3100',null,'124','50');
Insert into EMPLOYEES (EMPLOYEE_ID,FIRST_NAME,LAST_NAME,EMAIL,PHONE_NUMBER,HIRE_DATE,JOB_ID,SALARY,COMMISSION_PCT,MANAGER_ID,DEPARTMENT_ID) values ('197','Kevin','Feeney','KFEENEY','1.650.555.0162','2016-05-23','SH_CLERK','3000',null,'124','50');
Insert into EMPLOYEES (EMPLOYEE_ID,FIRST_NAME,LAST_NAME,EMAIL,PHONE_NUMBER,HIRE_DATE,JOB_ID,SALARY,COMMISSION_PCT,MANAGER_ID,DEPARTMENT_ID) values ('198','Donald','OConnell','DOCONNEL','1.650.555.0163','2017-06-21','SH_CLERK','2600',null,'124','50');
Insert into EMPLOYEES (EMPLOYEE_ID,FIRST_NAME,LAST_NAME,EMAIL,PHONE_NUMBER,HIRE_DATE,JOB_ID,SALARY,COMMISSION_PCT,MANAGER_ID,DEPARTMENT_ID) values ('199','Douglas','Grant','DGRANT','1.650.555.0164','2018-01-13','SH_CLERK','2600',null,'124','50');
Insert into EMPLOYEES (EMPLOYEE_ID,FIRST_NAME,LAST_NAME,EMAIL,PHONE_NUMBER,HIRE_DATE,JOB_ID,SALARY,COMMISSION_PCT,MANAGER_ID,DEPARTMENT_ID) values ('200','Jennifer','Whalen','JWHALEN','1.515.555.0165','2013-09-17','AD_ASST','4400',null,'101','10');
Insert into EMPLOYEES (EMPLOYEE_ID,FIRST_NAME,LAST_NAME,EMAIL,PHONE_NUMBER,HIRE_DATE,JOB_ID,SALARY,COMMISSION_PCT,MANAGER_ID,DEPARTMENT_ID) values ('201','Michael','Martinez','MMARTINE','1.515.555.0166','2014-02-17','MK_MAN','13000',null,'100','20');
Insert into EMPLOYEES (EMPLOYEE_ID,FIRST_NAME,LAST_NAME,EMAIL,PHONE_NUMBER,HIRE_DATE,JOB_ID,SALARY,COMMISSION_PCT,MANAGER_ID,DEPARTMENT_ID) values ('202','Pat','Davis','PDAVIS','1.603.555.0167','2015-08-17','MK_REP','6000',null,'201','20');
Insert into EMPLOYEES (EMPLOYEE_ID,FIRST_NAME,LAST_NAME,EMAIL,PHONE_NUMBER,HIRE_DATE,JOB_ID,SALARY,COMMISSION_PCT,MANAGER_ID,DEPARTMENT_ID) values ('203','Susan','Jacobs','SJACOBS','1.515.555.0168','2012-06-07','HR_REP','6500',null,'101','40');
Insert into EMPLOYEES (EMPLOYEE_ID,FIRST_NAME,LAST_NAME,EMAIL,PHONE_NUMBER,HIRE_DATE,JOB_ID,SALARY,COMMISSION_PCT,MANAGER_ID,DEPARTMENT_ID) values ('204','Hermann','Brown','HBROWN','1.515.555.0169','2012-06-07','PR_REP','10000',null,'101','70');
Insert into EMPLOYEES (EMPLOYEE_ID,FIRST_NAME,LAST_NAME,EMAIL,PHONE_NUMBER,HIRE_DATE,JOB_ID,SALARY,COMMISSION_PCT,MANAGER_ID,DEPARTMENT_ID) values ('205','Shelley','Higgins','SHIGGINS','1.515.555.0170','2012-06-07','AC_MGR','12008',null,'101','110');
Insert into EMPLOYEES (EMPLOYEE_ID,FIRST_NAME,LAST_NAME,EMAIL,PHONE_NUMBER,HIRE_DATE,JOB_ID,SALARY,COMMISSION_PCT,MANAGER_ID,DEPARTMENT_ID) values ('206','William','Gietz','WGIETZ','1.515.555.0171','2012-06-07','AC_ACCOUNT','8300',null,'205','110');

ALTER TABLE departments 
   CHECK CONSTRAINT ALL;   
